X,Y,month,day,FFMC,DMC,DC,ISI,temp,RH,wind,rain,area,is_summer,temp_to_RH,fire_spread_potential,distance_from_center
7,5,mar,fri,86.2,26.2,94.3,5.1,8.2,51,6.7,0.0,0.0,0,0.16078428219916033,34.17,8.602325267042627
7,4,oct,tue,90.6,35.4,669.1,6.7,18.0,33,0.9,0.0,0.0,0,0.5454543801653393,6.03,8.06225774829855
7,4,oct,sat,90.6,43.7,686.9,6.7,14.6,33,1.3,0.0,0.0,0,0.4424241083563307,8.71,8.06225774829855
8,6,aug,sun,92.3,85.3,488.0,14.7,22.2,29,5.4,0.0,0.0,1,0.7655169774079388,79.38,10.0
8,6,aug,mon,92.3,88.9,495.6,8.5,24.1,27,3.1,0.0,0.0,1,0.892592262002866,26.35,10.0
8,6,sep,tue,91.0,129.5,692.6,7.0,13.1,63,5.4,0.0,0.0,1,0.20793647493071826,37.800000000000004,10.0
7,5,sep,sat,92.5,88.0,698.6,7.1,22.8,40,4.0,0.0,0.0,1,0.5699998575000356,28.4,8.602325267042627
7,5,sep,sat,92.5,88.0,698.6,7.1,17.8,51,7.2,0.0,0.0,1,0.34901953940793345,51.12,8.602325267042627
6,5,sep,mon,90.9,126.5,686.5,7.0,21.3,42,2.2,0.0,0.0,1,0.5071427363945865,15.400000000000002,7.810249675906654
6,5,sep,fri,93.3,141.2,713.9,13.9,22.9,44,5.4,0.0,0.0,1,0.5204544271694483,75.06,7.810249675906654
5,5,mar,sat,91.7,35.8,80.8,7.8,15.1,27,5.4,0.0,0.0,0,0.559259052126277,42.120000000000005,7.0710678118654755
6,4,mar,wed,89.2,27.9,70.8,6.3,15.9,35,4.0,0.0,0.0,0,0.45428558448983297,25.2,7.211102550927978
6,4,apr,sat,86.3,27.4,97.1,5.1,9.3,44,4.5,0.0,0.0,0,0.21136358832645719,22.95,7.211102550927978
6,4,sep,tue,91.0,129.5,692.6,7.0,18.3,40,2.7,0.0,0.0,1,0.4574998856250286,18.900000000000002,7.211102550927978
5,4,sep,mon,91.8,78.5,724.3,9.2,19.1,38,2.7,0.0,0.0,1,0.5026314466759351,24.84,6.4031242374328485
7,4,aug,sat,90.2,110.9,537.4,6.2,19.5,43,5.8,0.0,0.0,1,0.45348826663063563,35.96,8.06225774829855
7,4,aug,sun,91.4,142.4,601.4,10.6,16.3,60,5.4,0.0,0.0,1,0.2716666213888964,57.24,8.06225774829855
7,4,sep,fri,92.4,117.9,668.0,12.2,19.0,34,5.8,0.0,0.0,1,0.5588233650519514,70.75999999999999,8.06225774829855
7,4,sep,mon,90.9,126.5,686.5,7.0,19.4,48,1.3,0.0,0.0,1,0.40416658246529524,9.1,8.06225774829855
6,3,sep,sun,93.5,149.3,728.6,8.1,22.8,39,3.6,0.0,0.0,1,0.5846152347140423,29.16,6.708203932499369
6,3,sep,fri,94.3,85.1,692.3,15.9,25.4,24,3.6,0.0,0.0,1,1.058332892361295,57.24,6.708203932499369
6,3,sep,mon,88.6,91.8,709.9,7.1,11.2,78,7.6,0.0,0.0,1,0.14358972518080446,53.959999999999994,6.708203932499369
6,3,sep,fri,88.6,69.7,706.8,5.8,20.6,37,1.8,0.0,0.0,1,0.5567566062819983,10.44,6.708203932499369
6,3,sep,sun,91.7,75.6,718.3,7.8,17.7,39,3.6,0.0,0.0,1,0.45384603747537494,28.08,6.708203932499369
6,3,sep,mon,91.8,78.5,724.3,9.2,21.2,32,2.7,0.0,0.0,1,0.6624997929688146,24.84,6.708203932499369
6,3,sep,tue,90.3,80.7,730.2,6.3,18.2,62,4.5,0.0,0.0,1,0.29354833975026773,28.349999999999998,6.708203932499369
6,3,oct,tue,90.6,35.4,669.1,6.7,21.7,24,4.5,0.0,0.0,0,0.9041662899307125,30.150000000000002,6.708203932499369
7,4,oct,fri,90.0,41.5,682.6,8.7,11.3,60,5.4,0.0,0.0,0,0.18833330194444967,46.98,8.06225774829855
7,3,oct,sat,90.6,43.7,686.9,6.7,17.8,27,4.0,0.0,0.0,0,0.6592590150892537,26.8,7.615773105863909
4,4,mar,tue,88.1,25.7,67.6,3.8,14.1,43,2.7,0.0,0.0,0,0.3279069004867673,10.26,5.656854249492381
4,4,aug,sat,90.2,96.9,624.2,8.9,18.4,42,6.7,0.0,0.0,1,0.4380951337868728,59.63,5.656854249492381
4,4,aug,tue,94.8,108.3,647.1,17.0,16.6,54,5.4,0.0,0.0,1,0.3074073504801203,91.80000000000001,5.656854249492381
4,4,sep,sat,92.5,88.0,698.6,7.1,19.6,48,2.7,0.0,0.0,1,0.4083332482639066,19.17,5.656854249492381
4,4,sep,wed,90.1,82.9,735.7,6.2,12.9,74,4.9,0.0,0.0,1,0.17432430076698638,30.380000000000003,5.656854249492381
5,6,sep,wed,94.3,85.1,692.3,15.9,25.9,24,4.0,0.0,0.0,1,1.0791662170140761,63.6,7.810249675906654
5,6,sep,mon,90.9,126.5,686.5,7.0,14.7,70,3.6,0.0,0.0,1,0.20999997000000425,25.2,7.810249675906654
6,6,jul,mon,94.2,62.3,442.9,11.0,23.0,36,3.1,0.0,0.0,1,0.6388887114198023,34.1,8.48528137423857
4,4,mar,mon,87.2,23.9,64.7,4.1,11.8,35,1.8,0.0,0.0,0,0.337142760816354,7.38,5.656854249492381
4,4,mar,mon,87.6,52.2,103.8,5.0,11.0,46,5.8,0.0,0.0,0,0.23913038279774285,29.0,5.656854249492381
4,3,aug,sun,90.2,99.6,631.2,6.3,21.5,34,2.2,0.0,0.0,1,0.632352755190366,13.860000000000001,5.0
4,3,aug,wed,92.1,111.2,654.1,9.6,20.4,42,4.9,0.0,0.0,1,0.4857141700680547,47.04,5.0
4,3,aug,thu,91.7,114.3,661.3,6.3,17.6,45,3.6,0.0,0.0,1,0.39111102419755017,22.68,5.0
4,3,sep,thu,92.9,137.0,706.4,9.2,27.7,24,2.2,0.0,0.0,1,1.1541661857640892,20.24,5.0
4,3,sep,tue,90.3,80.7,730.2,6.3,17.8,63,4.9,0.0,0.0,1,0.282539637692121,30.87,5.0
4,3,oct,sun,92.6,46.5,691.8,8.8,13.8,50,2.7,0.0,0.0,0,0.27599994480001105,23.760000000000005,5.0
4,5,mar,fri,91.7,33.3,77.5,9.0,17.2,26,4.5,0.0,0.0,0,0.6615382071006896,40.5,6.4031242374328485
4,5,mar,fri,91.2,48.3,97.8,12.5,15.8,27,7.6,0.0,0.0,0,0.5851849684500117,95.0,6.4031242374328485
4,5,sep,fri,94.3,85.1,692.3,15.9,17.7,37,3.6,0.0,0.0,1,0.47837824908695964,57.24,6.4031242374328485
5,4,mar,fri,91.7,33.3,77.5,9.0,15.6,25,6.3,0.0,0.0,0,0.6239997504000998,56.699999999999996,6.4031242374328485
5,4,aug,tue,88.8,147.3,614.5,9.0,17.3,43,4.5,0.0,0.0,1,0.4023254878312819,40.5,6.4031242374328485
5,4,sep,fri,93.3,141.2,713.9,13.9,27.6,30,1.3,0.0,0.0,1,0.9199996933334356,18.07,6.4031242374328485
1,3,mar,mon,87.6,52.2,103.8,5.0,8.3,72,3.1,0.0,0.0,0,0.11527776176697754,15.5,3.1622776601683795
6,5,mar,sat,91.7,35.8,80.8,7.8,17.4,25,4.9,0.0,0.0,0,0.6959997216001114,38.22,7.810249675906654
6,5,aug,sat,90.2,96.9,624.2,8.9,14.7,59,5.8,0.0,0.0,1,0.249152500143644,51.62,7.810249675906654
8,6,mar,fri,91.7,35.8,80.8,7.8,17.4,24,5.4,0.0,0.0,0,0.7249996979167925,42.120000000000005,10.0
8,6,aug,sun,92.3,85.3,488.0,14.7,20.8,32,6.3,0.0,0.0,1,0.6499997968750635,92.61,10.0
8,6,aug,sun,91.4,142.4,601.4,10.6,18.2,43,4.9,0.0,0.0,1,0.4232557155219266,51.940000000000005,10.0
8,6,aug,mon,91.1,103.2,638.8,5.8,23.4,22,2.7,0.0,0.0,1,1.063635880165509,15.66,10.0
4,4,sep,sun,89.7,90.0,704.4,4.8,17.8,64,1.3,0.0,0.0,1,0.27812495654297553,6.24,5.656854249492381
3,4,aug,sun,91.4,142.4,601.4,10.6,19.8,39,5.4,0.0,0.0,1,0.5076921775148262,57.24,5.0
3,4,aug,tue,88.8,147.3,614.5,9.0,14.4,66,5.4,0.0,0.0,1,0.21818178512397193,48.6,5.0
2,4,aug,tue,94.8,108.3,647.1,17.0,20.1,40,4.0,0.0,0.0,1,0.5024998743750314,68.0,4.47213595499958
2,4,sep,sat,92.5,121.1,674.4,8.6,24.1,29,4.5,0.0,0.0,1,0.8310341961951048,38.699999999999996,4.47213595499958
4,5,mar,thu,91.4,30.7,74.3,7.5,18.2,29,3.1,0.0,0.0,0,0.6275859904875895,23.25,6.4031242374328485
4,5,aug,sun,90.2,99.6,631.2,6.3,21.4,33,3.1,0.0,0.0,1,0.6484846519743478,19.53,6.4031242374328485
4,5,sep,sat,92.5,88.0,698.6,7.1,20.3,45,3.1,0.0,0.0,1,0.4511110108642198,22.009999999999998,6.4031242374328485
4,5,sep,mon,88.6,91.8,709.9,7.1,17.4,56,5.4,0.0,0.0,1,0.3107142302296017,38.34,6.4031242374328485
3,4,mar,fri,91.7,33.3,77.5,9.0,18.8,18,4.5,0.0,0.0,0,1.0444438641978533,40.5,5.0
3,4,sep,sun,89.7,90.0,704.4,4.8,22.8,39,3.6,0.0,0.0,1,0.5846152347140423,17.28,5.0
3,4,sep,mon,91.8,78.5,724.3,9.2,18.9,35,2.7,0.0,0.0,1,0.5399998457143297,24.84,5.0
3,4,mar,tue,88.1,25.7,67.6,3.8,15.8,27,7.6,0.0,0.0,0,0.5851849684500117,28.88,5.0
3,5,mar,tue,88.1,25.7,67.6,3.8,15.5,27,6.3,0.0,0.0,0,0.5740738614541254,23.939999999999998,5.830951894845301
3,4,mar,sat,91.7,35.8,80.8,7.8,11.6,30,6.3,0.0,0.0,0,0.38666653777782073,49.14,5.0
3,4,mar,sat,91.7,35.8,80.8,7.8,15.2,27,4.9,0.0,0.0,0,0.5629627544582391,38.22,5.0
3,4,mar,mon,90.1,39.7,86.6,6.2,10.6,30,4.0,0.0,0.0,0,0.3533332155555948,24.8,5.0
3,4,aug,thu,93.0,75.3,466.6,7.7,19.6,36,3.1,0.0,0.0,1,0.5444442932099185,23.87,5.0
3,4,aug,mon,91.5,145.4,608.2,10.7,10.3,74,2.2,0.0,0.0,1,0.13918917037984185,23.54,5.0
3,4,aug,mon,91.5,145.4,608.2,10.7,17.1,43,5.4,0.0,0.0,1,0.39767432612224973,57.78,5.0
3,4,sep,sun,92.4,124.1,680.7,8.5,22.5,42,5.4,0.0,0.0,1,0.5357141581632956,45.900000000000006,5.0
3,4,sep,fri,94.3,85.1,692.3,15.9,19.8,50,5.4,0.0,0.0,1,0.39599992080001584,85.86000000000001,5.0
3,4,oct,sun,92.6,46.5,691.8,8.8,20.6,24,5.4,0.0,0.0,0,0.8583329756945935,47.52000000000001,5.0
3,5,mar,mon,87.6,52.2,103.8,5.0,9.0,49,2.2,0.0,0.0,0,0.18367343190338123,11.0,5.830951894845301
3,5,sep,fri,93.5,149.3,728.6,8.1,17.2,43,3.1,0.0,0.0,1,0.3999999069767658,25.11,5.830951894845301
3,5,oct,wed,91.4,37.9,673.8,5.2,15.9,46,3.6,0.0,0.0,0,0.34565209877128283,18.720000000000002,5.830951894845301
2,5,oct,sun,92.6,46.5,691.8,8.8,15.4,35,0.9,0.0,0.0,0,0.43999987428575016,7.920000000000001,5.385164807134504
4,6,mar,mon,87.2,23.9,64.7,4.1,14.0,39,3.1,0.0,0.0,0,0.3589742669296751,12.709999999999999,7.211102550927978
4,6,mar,sun,89.3,51.3,102.2,9.6,10.6,46,4.9,0.0,0.0,0,0.23043473251418856,47.04,7.211102550927978
4,6,sep,thu,93.7,80.9,685.2,17.9,17.6,42,3.1,0.0,0.0,1,0.41904751927440015,55.489999999999995,7.211102550927978
3,5,mar,tue,88.1,25.7,67.6,3.8,14.9,38,2.7,0.0,0.0,0,0.3921051599723263,10.26,5.830951894845301
3,6,sep,sun,92.4,124.1,680.7,8.5,17.2,58,1.3,0.0,0.0,1,0.2965516730083322,11.05,6.708203932499369
3,6,sep,mon,90.9,126.5,686.5,7.0,15.6,66,3.1,0.0,0.0,1,0.2363636005509696,21.7,6.708203932499369
1,4,sep,tue,91.0,129.5,692.6,7.0,21.7,38,2.2,0.0,0.43,1,0.5710524813019785,15.400000000000002,4.123105625617661
2,5,sep,mon,90.9,126.5,686.5,7.0,21.9,39,1.8,0.0,0.47,1,0.5615383175542775,12.6,5.385164807134504
2,5,aug,wed,95.5,99.9,513.3,13.2,23.8,32,5.4,0.0,0.77,1,0.7437497675781976,71.28,5.385164807134504
5,4,mar,mon,90.1,39.7,86.6,6.2,13.2,40,5.4,0.0,0.95,0,0.32999991750002056,33.480000000000004,6.4031242374328485
8,6,sep,thu,93.7,80.9,685.2,17.9,23.7,25,4.5,0.0,1.12,1,0.9479996208001517,80.55,10.0
6,5,jun,fri,92.5,56.4,433.3,7.1,23.2,39,5.4,0.0,1.19,1,0.5948716423406044,38.34,7.810249675906654
3,4,jul,sat,90.1,51.2,424.1,6.2,24.6,43,1.8,0.0,1.43,1,0.5720928902109558,11.16,5.0
5,4,sep,fri,94.3,85.1,692.3,15.9,20.1,47,4.9,0.0,1.46,1,0.4276594834767056,77.91000000000001,6.4031242374328485
1,5,sep,sat,93.4,145.4,721.4,8.1,29.6,27,2.7,0.0,1.46,1,1.0962958902607816,21.87,5.0990195135927845
7,4,aug,sun,94.8,108.3,647.1,17.0,16.4,47,1.3,0.0,1.56,1,0.34893609597104336,22.1,8.06225774829855
2,4,sep,sat,93.4,145.4,721.4,8.1,28.6,27,2.2,0.0,1.61,1,1.0592588669411604,17.82,4.47213595499958
2,4,aug,wed,92.1,111.2,654.1,9.6,20.5,35,4.0,0.0,1.64,1,0.5857141183673947,38.4,4.47213595499958
7,4,sep,fri,92.4,117.9,668.0,12.2,19.0,34,5.8,0.0,1.69,1,0.5588233650519514,70.75999999999999,8.06225774829855
7,4,mar,mon,90.1,39.7,86.6,6.2,16.1,29,3.1,0.0,1.75,0,0.5551722223544061,19.220000000000002,8.06225774829855
6,4,aug,thu,95.2,131.7,578.8,10.4,20.3,41,4.0,0.0,1.9,1,0.4951218304580901,41.6,7.211102550927978
8,6,sep,sat,92.5,121.1,674.4,8.6,17.8,56,1.8,0.0,1.95,1,0.3178570860969489,15.48,10.0
8,5,sep,sun,89.7,90.0,704.4,4.8,17.8,67,2.2,0.0,2.01,1,0.26567160213856683,10.56,9.433981132056603
6,5,aug,wed,92.1,111.2,654.1,9.6,16.6,47,0.9,0.0,2.29,1,0.3531914142145927,8.64,7.810249675906654
6,5,aug,wed,96.0,127.1,570.5,16.5,23.4,33,4.5,0.0,2.51,1,0.7090906942149411,74.25,7.810249675906654
8,6,aug,thu,95.2,131.7,578.8,10.4,20.7,45,2.2,0.0,2.55,1,0.4599998977778004,22.880000000000003,10.0
5,4,sep,wed,92.9,133.3,699.6,9.2,21.9,35,1.8,0.0,2.57,1,0.6257141069388265,16.56,6.4031242374328485
7,4,aug,sun,91.4,142.4,601.4,10.6,20.1,39,5.4,0.0,2.74,1,0.5153844832347478,57.24,8.06225774829855
4,4,sep,mon,90.9,126.5,686.5,7.0,17.7,39,2.2,0.0,3.07,1,0.45384603747537494,15.400000000000002,5.656854249492381
1,4,aug,sat,90.2,96.9,624.2,8.9,14.2,53,1.8,0.0,3.5,1,0.26792447775009853,16.02,4.123105625617661
1,4,aug,sat,90.2,96.9,624.2,8.9,20.3,39,4.9,0.0,4.53,1,0.5205126870480289,43.61000000000001,4.123105625617661
2,5,aug,sun,90.2,99.6,631.2,6.3,19.2,44,2.7,0.0,4.69,1,0.4363635371901051,17.01,5.385164807134504
2,5,sep,wed,90.1,82.9,735.7,6.2,18.3,45,2.2,0.0,4.88,1,0.40666657629631636,13.640000000000002,5.385164807134504
8,6,aug,tue,88.8,147.3,614.5,9.0,14.4,66,5.4,0.0,5.23,1,0.21818178512397193,48.6,10.0
1,3,sep,sun,92.4,124.1,680.7,8.5,23.9,32,6.7,0.0,5.33,1,0.7468747666016353,56.95,3.1622776601683795
5,4,feb,sun,86.8,15.6,48.3,3.9,12.4,53,2.2,0.0,6.38,0,0.2339622200071283,8.58,6.4031242374328485
7,4,oct,mon,91.7,48.5,696.1,11.1,16.8,45,4.5,0.0,6.83,0,0.3733332503703888,49.949999999999996,8.06225774829855
8,6,aug,fri,93.9,135.7,586.7,15.1,20.8,34,4.9,0.0,6.96,1,0.61176452595161,73.99000000000001,10.0
2,5,sep,tue,91.0,129.5,692.6,7.0,17.6,46,3.1,0.0,7.04,1,0.3826086124763886,21.7,5.385164807134504
8,6,mar,sun,89.3,51.3,102.2,9.6,11.5,39,5.8,0.0,7.19,0,0.2948717192636617,55.68,10.0
1,5,sep,mon,90.9,126.5,686.5,7.0,21.0,42,2.2,0.0,7.3,1,0.49999988095240927,15.400000000000002,5.0990195135927845
6,4,mar,sat,90.8,41.9,89.4,7.9,13.3,42,0.9,0.0,7.4,0,0.3166665912698592,7.11,7.211102550927978
7,4,mar,sun,90.7,44.0,92.4,5.5,11.5,60,4.0,0.0,8.24,0,0.19166663472222753,22.0,8.06225774829855
6,5,mar,fri,91.2,48.3,97.8,12.5,11.7,33,4.0,0.0,8.31,0,0.35454534710747054,50.0,7.810249675906654
2,5,aug,thu,95.2,131.7,578.8,10.4,24.2,28,2.7,0.0,8.68,1,0.8642854056123551,28.080000000000002,5.385164807134504
4,5,sep,wed,92.9,133.3,699.6,9.2,24.3,25,4.0,0.0,9.41,1,0.9719996112001555,36.8,6.4031242374328485
2,5,aug,fri,93.9,135.7,586.7,15.1,23.5,36,5.4,0.0,10.02,1,0.6527775964506676,81.54,5.385164807134504
3,4,sep,tue,91.0,129.5,692.6,7.0,13.9,59,6.3,0.0,11.24,1,0.2355931804079355,44.1,5.0
1,5,sep,tue,91.0,129.5,692.6,7.0,21.6,33,2.2,0.0,11.53,1,0.6545452561984072,15.400000000000002,5.0990195135927845
6,5,mar,sun,90.1,37.6,83.7,7.2,12.4,54,3.6,0.0,12.1,0,0.229629587105632,25.92,7.810249675906654
8,6,oct,wed,91.4,37.9,673.8,5.2,20.2,37,2.7,0.0,13.7,0,0.5459457983930274,14.040000000000001,10.0
5,6,mar,sat,90.6,50.1,100.4,7.8,15.1,64,4.0,0.0,13.99,0,0.23593746313477137,31.2,7.810249675906654
4,5,sep,thu,92.9,137.0,706.4,9.2,22.1,34,1.8,0.0,14.57,1,0.6499998088235857,16.56,6.4031242374328485
6,3,apr,wed,88.0,17.2,43.5,3.8,15.2,51,2.7,0.0,0.0,0,0.298039157247224,10.26,6.708203932499369
2,4,aug,sun,94.2,122.3,589.9,12.9,15.4,66,4.0,0.0,10.13,1,0.23333329797980332,51.6,4.47213595499958
3,4,aug,sun,91.8,175.1,700.7,13.8,26.8,38,6.3,0.0,0.76,1,0.7052629722992177,86.94,5.0
5,4,aug,sun,91.8,175.1,700.7,13.8,25.7,39,5.4,0.0,0.09,1,0.6589741900066178,74.52000000000001,6.4031242374328485
2,4,aug,wed,92.2,91.6,503.6,9.6,20.7,70,2.2,0.0,0.75,1,0.2957142434693938,21.12,4.47213595499958
8,6,aug,wed,93.1,157.3,666.7,13.5,28.7,28,2.7,0.0,0.0,1,1.0249996339287022,36.45,10.0
3,4,aug,wed,93.1,157.3,666.7,13.5,21.7,40,0.4,0.0,2.47,1,0.5424998643750338,5.4,5.0
8,5,aug,wed,93.1,157.3,666.7,13.5,26.8,25,3.1,0.0,0.68,1,1.0719995712001715,41.85,9.433981132056603
8,5,aug,wed,93.1,157.3,666.7,13.5,24.0,36,3.1,0.0,0.24,1,0.6666664814815328,41.85,9.433981132056603
6,5,aug,wed,93.1,157.3,666.7,13.5,22.1,37,3.6,0.0,0.21,1,0.5972971358656389,48.6,7.810249675906654
7,4,aug,thu,91.9,109.2,565.5,8.0,21.4,38,2.7,0.0,1.52,1,0.563157746537435,21.6,8.06225774829855
6,3,aug,thu,91.6,138.1,621.7,6.3,18.9,41,3.1,0.0,10.34,1,0.4609754973230494,19.53,6.708203932499369
2,5,aug,thu,87.5,77.0,694.8,5.0,22.3,46,4.0,0.0,0.0,1,0.4847825033081514,20.0,5.385164807134504
8,6,aug,sat,94.2,117.2,581.1,11.0,23.9,41,2.2,0.0,8.02,1,0.5829266870910519,24.200000000000003,10.0
4,3,aug,sat,94.2,117.2,581.1,11.0,21.4,44,2.7,0.0,0.68,1,0.48636352582647135,29.700000000000003,5.0
3,4,aug,sat,91.8,170.9,692.3,13.7,20.6,59,0.9,0.0,0.0,1,0.3491524831944944,12.33,5.0
7,4,aug,sat,91.8,170.9,692.3,13.7,23.7,40,1.8,0.0,1.38,1,0.592499851875037,24.66,8.06225774829855
2,4,aug,mon,93.6,97.9,542.0,14.4,28.3,32,4.0,0.0,8.85,1,0.8843747236328988,57.6,4.47213595499958
2,4,aug,fri,91.6,112.4,573.0,8.9,21.4,42,3.1,0.0,4.25,1,0.5095236882086456,27.590000000000003,4.47213595499958
6,3,aug,fri,91.1,141.1,629.1,7.1,19.3,39,3.6,0.0,1.56,1,0.4948716679816236,25.56,6.708203932499369
4,4,aug,fri,94.3,167.6,684.4,13.0,21.8,53,3.1,0.0,6.54,1,0.4113206771093062,40.300000000000004,5.656854249492381
3,4,aug,tue,92.1,152.6,658.2,14.3,21.0,32,3.1,0.0,0.0,1,0.656249794921939,44.330000000000005,5.0
4,4,aug,tue,92.1,152.6,658.2,14.3,19.1,53,2.7,0.0,4.4,1,0.36037729049485084,38.61000000000001,5.656854249492381
8,6,aug,tue,92.1,152.6,658.2,14.3,20.1,58,4.5,0.0,9.27,1,0.34655166438764407,64.35000000000001,10.0
2,5,aug,tue,92.1,152.6,658.2,14.3,20.2,47,4.0,0.0,3.09,1,0.4297871425984803,57.2,5.385164807134504
2,5,jul,sun,93.9,169.7,411.8,12.3,23.4,40,6.3,0.0,0.0,1,0.5849998537500365,77.49000000000001,5.385164807134504
7,4,jul,sat,91.6,104.2,474.9,9.0,22.1,49,2.7,0.0,0.0,1,0.45102031611830284,24.3,8.06225774829855
7,4,jul,sat,91.6,104.2,474.9,9.0,24.2,32,1.8,0.0,0.0,1,0.7562497636719487,16.2,8.06225774829855
7,4,jul,sat,91.6,104.2,474.9,9.0,24.3,30,1.8,0.0,0.0,1,0.8099997300000901,16.2,8.06225774829855
2,5,jul,sat,91.6,104.2,474.9,9.0,18.7,53,1.8,0.0,0.0,1,0.35283012210752407,16.2,5.385164807134504
9,4,jul,sat,91.6,104.2,474.9,9.0,25.3,39,0.9,0.0,8.0,1,0.6487177823800557,8.1,9.848857801796104
4,5,jul,fri,91.6,100.2,466.3,6.3,22.9,40,1.3,0.0,2.64,1,0.5724998568750357,8.19,6.4031242374328485
8,6,jul,tue,92.3,88.8,440.9,8.5,17.1,67,3.6,0.0,6.57,1,0.2552238425039041,30.6,10.0
7,5,jun,sun,93.1,180.4,430.8,11.0,22.2,48,1.3,0.0,0.0,1,0.46249990364585336,14.3,8.602325267042627
6,4,jun,sun,90.4,89.5,290.8,6.4,14.3,46,1.8,0.0,0.9,1,0.31086949763706573,11.520000000000001,7.211102550927978
8,6,jun,sun,90.4,89.5,290.8,6.4,15.4,45,2.2,0.0,0.0,1,0.3422221461728564,14.080000000000002,10.0
8,6,jun,wed,91.2,147.8,377.2,12.7,19.6,43,4.9,0.0,0.0,1,0.45581384748515175,62.230000000000004,10.0
6,5,jun,mon,90.4,93.3,298.1,7.5,20.7,25,4.9,0.0,0.0,1,0.8279996688001324,36.75,7.810249675906654
6,5,jun,mon,90.4,93.3,298.1,7.5,19.1,39,5.4,0.0,3.52,1,0.4897434641683425,40.5,7.810249675906654
3,6,jun,fri,91.1,94.1,232.1,7.1,19.2,38,4.5,0.0,0.0,1,0.5052630249307829,31.95,6.708203932499369
1,4,sep,sun,89.6,84.1,714.3,5.7,19.0,52,2.2,0.0,0.0,1,0.36538454511835666,12.540000000000001,4.123105625617661
7,4,sep,sun,89.6,84.1,714.3,5.7,17.1,53,5.4,0.0,0.41,1,0.32264144855821725,30.780000000000005,8.06225774829855
3,4,sep,sun,89.6,84.1,714.3,5.7,23.8,35,3.6,0.0,5.18,1,0.6799998057143412,20.52,5.0
2,4,sep,sun,92.4,105.8,758.1,9.9,16.0,45,1.8,0.0,0.0,1,0.3555554765432274,17.82,4.47213595499958
2,4,sep,sun,92.4,105.8,758.1,9.9,24.9,27,2.2,0.0,0.0,1,0.9222218806585627,21.78,4.47213595499958
7,4,sep,sun,92.4,105.8,758.1,9.9,25.3,27,2.7,0.0,0.0,1,0.9370366899864112,26.730000000000004,8.06225774829855
6,3,sep,sun,92.4,105.8,758.1,9.9,24.8,28,1.8,0.0,14.29,1,0.8857139693878681,17.82,6.708203932499369
6,5,sep,wed,92.6,115.4,777.1,8.8,24.3,27,4.9,0.0,0.0,1,0.8999996666667902,43.120000000000005,7.810249675906654
4,4,sep,wed,92.6,115.4,777.1,8.8,19.7,41,1.8,0.0,1.58,1,0.48048768768592975,15.840000000000002,5.656854249492381
3,4,sep,wed,91.2,134.7,817.5,7.2,18.5,30,2.7,0.0,0.0,1,0.6166664611111796,19.44,5.0
4,5,sep,thu,92.4,96.2,739.4,8.6,18.6,24,5.8,0.0,0.0,1,0.774999677083468,49.879999999999995,6.4031242374328485
4,4,sep,thu,92.4,96.2,739.4,8.6,19.2,24,4.9,0.0,3.78,1,0.7999996666668056,42.14,5.656854249492381
6,5,sep,thu,92.8,119.0,783.5,7.5,21.6,27,2.2,0.0,0.0,1,0.7999997037038135,16.5,7.810249675906654
5,4,sep,thu,92.8,119.0,783.5,7.5,21.6,28,6.3,0.0,4.41,1,0.7714282959184658,47.25,6.4031242374328485
1,4,sep,thu,92.8,119.0,783.5,7.5,16.8,28,4.0,0.0,7.21,1,0.5999997857143623,30.0,4.123105625617661
6,5,sep,thu,92.8,119.0,783.5,7.5,16.8,28,4.0,0.0,1.01,1,0.5999997857143623,30.0,7.810249675906654
3,5,sep,thu,90.7,136.9,822.8,6.8,12.9,39,2.7,0.0,2.18,1,0.3307691459566292,18.36,5.830951894845301
6,5,sep,thu,88.1,53.3,726.9,5.4,13.7,56,1.8,0.0,4.42,1,0.24464281345664043,9.72,7.810249675906654
1,4,sep,sat,92.2,102.3,751.5,8.4,24.2,27,3.1,0.0,0.0,1,0.896295964334828,26.040000000000003,4.123105625617661
5,4,sep,sat,92.2,102.3,751.5,8.4,24.1,27,3.1,0.0,0.0,1,0.892592262002866,26.040000000000003,6.4031242374328485
6,5,sep,sat,92.2,102.3,751.5,8.4,21.2,32,2.2,0.0,0.0,1,0.6624997929688146,18.480000000000004,7.810249675906654
6,5,sep,sat,92.2,102.3,751.5,8.4,19.7,35,1.8,0.0,0.0,1,0.5628569820408622,15.120000000000001,7.810249675906654
4,3,sep,sat,92.2,102.3,751.5,8.4,23.5,27,4.0,0.0,3.33,1,0.8703700480110933,33.6,5.0
3,3,sep,sat,92.2,102.3,751.5,8.4,24.2,27,3.1,0.0,6.58,1,0.896295964334828,26.040000000000003,4.242640687119285
7,4,sep,sat,91.2,124.4,795.3,8.5,21.5,28,4.5,0.0,15.64,1,0.767856868622547,38.25,8.06225774829855
4,4,sep,sat,91.2,124.4,795.3,8.5,17.1,41,2.2,0.0,11.22,1,0.41707306900656854,18.700000000000003,5.656854249492381
1,4,sep,mon,92.1,87.7,721.1,9.5,18.1,54,3.1,0.0,2.13,1,0.3351851231138661,29.45,4.123105625617661
2,3,sep,mon,91.6,108.4,764.0,6.2,18.0,51,5.4,0.0,0.0,1,0.35294110726644956,33.480000000000004,3.605551275463989
7,4,sep,mon,91.6,108.4,764.0,6.2,19.3,44,2.2,0.0,0.0,1,0.4386362639463036,13.640000000000002,8.06225774829855
8,6,sep,mon,91.6,108.4,764.0,6.2,22.7,35,2.2,0.0,7.48,1,0.648571243265359,13.640000000000002,10.0
2,4,sep,mon,91.6,108.4,764.0,6.2,20.4,41,1.8,0.0,1.47,1,0.4975608542534501,11.16,4.47213595499958
2,5,sep,mon,91.6,108.4,764.0,6.2,19.3,44,2.2,0.0,3.93,1,0.4386362639463036,13.640000000000002,5.385164807134504
8,6,sep,mon,91.9,111.7,770.3,6.5,15.7,51,2.2,0.0,0.0,1,0.3078430768935143,14.3,10.0
6,3,sep,mon,91.5,130.1,807.1,7.5,20.6,37,1.8,0.0,0.0,1,0.5567566062819983,13.5,6.708203932499369
8,6,sep,mon,91.5,130.1,807.1,7.5,15.9,51,4.5,0.0,2.18,1,0.3117646447520304,33.75,10.0
6,3,sep,mon,91.5,130.1,807.1,7.5,12.2,66,4.9,0.0,6.1,1,0.18484845684114287,36.75,6.708203932499369
5,4,sep,fri,92.1,99.0,745.3,9.6,10.1,75,3.6,0.0,0.0,1,0.1346666487111135,34.56,6.4031242374328485
3,4,sep,fri,92.1,99.0,745.3,9.6,17.4,57,4.5,0.0,0.0,1,0.3052631043398062,43.199999999999996,5.0
5,4,sep,fri,92.1,99.0,745.3,9.6,12.8,64,3.6,0.0,1.64,1,0.1999999687500049,34.56,6.4031242374328485
5,4,sep,fri,92.1,99.0,745.3,9.6,10.1,75,3.6,0.0,3.71,1,0.1346666487111135,34.56,6.4031242374328485
4,4,sep,fri,92.1,99.0,745.3,9.6,15.4,53,6.3,0.0,7.31,1,0.2905659829120787,60.48,5.656854249492381
7,4,sep,fri,92.1,99.0,745.3,9.6,20.6,43,3.6,0.0,2.03,1,0.47906965603031254,34.56,8.06225774829855
7,4,sep,fri,92.1,99.0,745.3,9.6,19.8,47,2.7,0.0,1.72,1,0.4212765061113817,25.92,8.06225774829855
7,4,sep,fri,92.1,99.0,745.3,9.6,18.7,50,2.2,0.0,5.97,1,0.3739999252000149,21.12,8.06225774829855
4,4,sep,fri,92.1,99.0,745.3,9.6,20.8,35,4.9,0.0,13.06,1,0.5942855444898444,47.04,5.656854249492381
4,4,sep,fri,92.1,99.0,745.3,9.6,20.8,35,4.9,0.0,1.26,1,0.5942855444898444,47.04,5.656854249492381
6,3,sep,fri,92.5,122.0,789.7,10.2,15.9,55,3.6,0.0,0.0,1,0.2890908565289352,36.72,6.708203932499369
6,3,sep,fri,92.5,122.0,789.7,10.2,19.7,39,2.7,0.0,0.0,1,0.5051280756081857,27.54,6.708203932499369
1,4,sep,fri,92.5,122.0,789.7,10.2,21.1,39,2.2,0.0,8.12,1,0.5410255023011532,22.44,4.123105625617661
6,5,sep,fri,92.5,122.0,789.7,10.2,18.4,42,2.2,0.0,1.09,1,0.4380951337868728,22.44,7.810249675906654
4,3,sep,fri,92.5,122.0,789.7,10.2,17.3,45,4.0,0.0,3.94,1,0.3844443590123647,40.8,5.0
7,4,sep,fri,88.2,55.2,732.3,11.6,15.2,64,3.1,0.0,0.52,1,0.23749996289063077,35.96,8.06225774829855
4,3,sep,tue,91.9,111.7,770.3,6.5,15.9,53,2.2,0.0,2.93,1,0.2999999433962371,14.3,5.0
6,5,sep,tue,91.9,111.7,770.3,6.5,21.1,35,2.7,0.0,5.65,1,0.6028569706122942,17.55,7.810249675906654
4,5,sep,tue,91.1,132.3,812.1,12.5,15.9,38,5.4,0.0,1.75,1,0.4184209425208046,67.5,6.4031242374328485
4,5,sep,tue,91.1,132.3,812.1,12.5,16.4,27,3.6,0.0,0.0,1,0.6074071824417843,45.0,6.4031242374328485
6,5,sep,sat,91.2,94.3,744.4,8.4,16.8,47,4.9,0.0,12.64,1,0.357446732458142,41.160000000000004,7.810249675906654
3,4,jul,wed,91.9,133.6,520.5,8.0,14.2,58,4.0,0.0,0.0,1,0.244827543995251,32.0,5.0
4,5,aug,sun,92.0,203.2,664.5,8.1,10.4,75,0.9,0.0,0.0,1,0.13866664817778024,7.29,6.4031242374328485
5,4,aug,thu,94.8,222.4,698.6,13.9,20.3,42,2.7,0.0,0.0,1,0.4833332182539956,37.53,6.4031242374328485
8,6,aug,mon,92.1,207.0,672.6,8.2,21.1,54,2.2,0.0,0.0,1,0.39074066838135774,18.04,10.0
5,4,jul,wed,93.7,101.3,458.8,11.9,19.3,39,7.2,0.0,7.73,1,0.4948716679816236,85.68,6.4031242374328485
8,6,aug,thu,90.7,194.1,643.0,6.8,16.2,63,2.7,0.0,16.33,1,0.25714281632653707,18.36,10.0
2,4,aug,sun,91.6,181.3,613.0,7.6,20.9,50,2.2,0.0,16.0,1,0.41799991640001666,16.72,4.47213595499958
7,4,aug,fri,94.8,227.0,706.7,12.0,23.3,34,3.1,0.0,0.0,1,0.6852939160900247,37.2,8.06225774829855
4,3,sep,sun,90.5,96.7,750.5,11.4,20.4,55,4.9,0.0,3.64,1,0.3709090234710866,55.86000000000001,5.0
5,6,aug,sun,91.6,181.3,613.0,7.6,24.3,33,3.6,0.0,3.63,1,0.7363634132232081,27.36,7.810249675906654
9,5,jun,wed,93.3,49.5,297.7,14.0,28.0,34,4.5,0.0,0.0,1,0.8235291695502441,63.0,10.295630140987
9,5,jun,wed,93.3,49.5,297.7,14.0,28.0,34,4.5,0.0,8.16,1,0.8235291695502441,63.0,10.295630140987
3,4,sep,thu,91.1,88.2,731.7,8.3,22.8,46,4.0,0.0,4.95,1,0.4956520661625943,33.2,5.0
8,6,aug,thu,90.7,194.1,643.0,6.8,21.3,41,3.6,0.0,0.0,1,0.5195120684116906,24.48,10.0
2,4,sep,wed,87.9,84.8,725.1,3.7,21.8,34,2.2,0.0,6.04,1,0.6411762820069759,8.14,4.47213595499958
1,4,jul,tue,92.3,96.2,450.2,12.1,23.4,31,5.4,0.0,0.0,1,0.7548384661811399,65.34,4.123105625617661
9,4,jul,mon,92.3,92.1,442.1,9.8,22.8,27,4.5,0.0,1.63,1,0.8444441316873587,44.1,9.848857801796104
7,5,aug,sat,93.7,231.1,715.1,8.4,26.4,33,3.6,0.0,0.0,1,0.799999757575831,30.240000000000002,8.602325267042627
5,4,aug,sun,93.6,235.1,723.1,10.1,24.1,50,4.0,0.0,0.0,1,0.48199990360001926,40.4,6.4031242374328485
6,3,jul,tue,92.7,164.1,575.8,8.9,26.3,39,3.1,0.0,7.02,1,0.6743588014464611,27.590000000000003,6.708203932499369
2,4,aug,sun,92.0,203.2,664.5,8.1,24.9,42,5.4,0.0,2.44,1,0.5928570017007138,43.74,4.47213595499958
2,5,aug,sun,91.6,181.3,613.0,7.6,24.8,36,4.0,0.0,3.05,1,0.6888886975309173,30.4,5.385164807134504
1,3,sep,sat,91.2,94.3,744.4,8.4,22.3,48,4.0,0.0,0.72,1,0.46458323654515904,33.6,3.1622776601683795
8,6,aug,sat,93.7,231.1,715.1,8.4,26.9,31,3.6,0.0,4.96,1,0.8677416555672078,30.240000000000002,10.0
8,6,aug,thu,91.6,248.4,753.8,6.3,20.4,56,2.2,0.0,0.0,1,0.36428564923470547,13.860000000000001,10.0
2,4,aug,mon,92.1,207.0,672.6,8.2,27.9,33,2.2,0.0,2.35,1,0.8454542892562759,18.04,4.47213595499958
1,3,aug,thu,94.8,222.4,698.6,13.9,26.2,34,5.8,0.0,0.0,1,0.7705880086505856,80.62,3.1622776601683795
3,4,aug,sun,91.6,181.3,613.0,7.6,24.6,44,4.0,0.0,3.2,1,0.5590907820248222,30.4,5.0
1,3,aug,sat,92.1,178.0,605.3,9.6,23.3,40,4.0,0.0,6.36,1,0.5824998543750364,38.4,3.1622776601683795
8,6,aug,thu,94.8,222.4,698.6,13.9,23.9,38,6.7,0.0,0.0,1,0.6289472029086307,93.13000000000001,10.0
2,4,aug,sun,93.6,235.1,723.1,10.1,20.9,66,4.9,0.0,15.34,1,0.3166666186868759,49.49,4.47213595499958
2,5,jul,sat,90.8,84.7,376.6,5.6,23.8,51,1.8,0.0,0.0,1,0.46666657516341664,10.08,5.385164807134504
8,6,aug,mon,92.1,207.0,672.6,8.2,26.8,35,1.3,0.0,0.54,1,0.7657140669388379,10.66,10.0
2,5,aug,sat,93.7,231.1,715.1,8.4,23.6,53,4.0,0.0,6.43,1,0.44528293485227644,33.6,5.385164807134504
1,3,sep,fri,91.1,91.3,738.1,7.2,19.1,46,2.2,0.0,0.33,1,0.41521730103971716,15.840000000000002,3.1622776601683795
8,6,aug,mon,92.1,207.0,672.6,8.2,25.5,29,1.8,0.0,1.23,1,0.879310041617227,14.76,10.0
6,5,apr,mon,87.9,24.9,41.6,3.7,10.9,64,3.1,0.0,3.35,0,0.17031247338867603,11.47,7.810249675906654
5,5,aug,sun,94.0,47.9,100.7,10.7,17.3,80,4.5,0.0,0.0,1,0.21624997296875337,48.15,7.0710678118654755
6,5,aug,sun,92.0,203.2,664.5,8.1,19.1,70,2.2,0.0,0.0,1,0.2728571038775566,17.82,7.810249675906654
7,4,aug,sun,91.6,181.3,613.0,7.6,19.3,61,4.9,0.0,0.0,1,0.31639339075518186,37.24,8.06225774829855
7,4,aug,mon,91.5,238.2,730.6,7.5,17.7,65,4.0,0.0,0.0,1,0.2723076504142076,30.0,8.06225774829855
3,4,aug,thu,91.6,248.4,753.8,6.3,16.8,56,3.1,0.0,0.0,1,0.29999994642858097,19.53,5.0
3,4,jul,mon,94.6,160.0,567.2,16.7,17.9,48,2.7,0.0,0.0,1,0.37291658897571056,45.09,5.0
2,4,aug,thu,91.6,248.4,753.8,6.3,16.6,59,2.7,0.0,0.0,1,0.2813558845159518,17.01,4.47213595499958
8,6,aug,sat,93.7,231.1,715.1,8.4,18.9,64,4.9,0.0,3.32,1,0.29531245385742905,41.160000000000004,10.0
2,5,aug,sat,93.7,231.1,715.1,8.4,18.9,64,4.9,0.0,0.0,1,0.29531245385742905,41.160000000000004,5.385164807134504
8,6,aug,sat,93.7,231.1,715.1,8.4,18.9,64,4.9,0.0,0.0,1,0.29531245385742905,41.160000000000004,10.0
6,5,mar,mon,87.2,15.1,36.9,7.1,10.2,45,5.8,0.0,3.18,0,0.22666661629630747,41.18,7.810249675906654
3,4,mar,wed,90.2,18.5,41.1,7.3,11.2,41,5.4,0.0,5.55,0,0.27317066508032556,39.42,5.0
6,5,mar,thu,91.3,20.6,43.5,8.5,13.3,27,3.6,0.0,6.61,0,0.4925924101509592,30.6,7.810249675906654
8,3,jun,mon,88.2,96.2,229.0,4.7,14.3,79,4.0,0.0,1.94,1,0.18101263531485628,18.8,8.54400374531753
4,3,jun,thu,93.0,103.8,316.7,10.8,26.4,35,2.7,0.0,10.08,1,0.7542854987755717,29.160000000000004,5.0
4,3,jul,thu,93.5,85.3,395.0,9.9,27.2,28,1.3,0.0,1.76,1,0.9714282244899198,12.870000000000001,5.0
4,3,jul,sun,93.7,101.3,423.4,14.7,26.1,45,4.0,0.0,7.36,1,0.5799998711111397,58.8,5.0
7,4,jul,sun,93.7,101.3,423.4,14.7,18.2,82,4.5,0.0,2.21,1,0.22195119244497652,66.14999999999999,8.06225774829855
3,4,aug,sun,94.9,130.3,587.1,14.1,23.4,40,5.8,0.0,1.29,1,0.5849998537500365,81.78,5.0
8,6,aug,sun,94.9,130.3,587.1,14.1,31.0,27,5.4,0.0,0.0,1,1.1481477229082508,76.14,10.0
5,4,aug,tue,95.1,141.3,605.8,17.7,26.4,34,3.6,0.0,16.4,1,0.7764703598616588,63.72,6.4031242374328485
4,4,aug,wed,95.1,141.3,605.8,17.7,20.6,58,1.3,0.0,0.0,1,0.35517235255649093,23.01,5.656854249492381
4,4,aug,wed,95.1,141.3,605.8,17.7,28.7,33,4.0,0.0,0.0,1,0.8696967061525132,70.8,5.656854249492381
6,6,aug,sat,96.0,164.0,643.0,14.0,30.8,30,4.9,0.0,8.59,1,1.0266663244445586,68.60000000000001,8.48528137423857
6,6,aug,mon,96.2,175.5,661.8,16.8,23.9,42,2.2,0.0,0.0,1,0.5690474835601229,36.96000000000001,8.48528137423857
2,4,aug,fri,91.0,166.9,752.6,7.1,25.9,41,3.6,0.0,0.0,1,0.6317071629982528,25.56,4.47213595499958
6,5,aug,fri,91.0,166.9,752.6,7.1,18.2,62,5.4,0.0,0.43,1,0.29354833975026773,38.34,7.810249675906654
1,4,aug,sat,94.4,146.0,614.7,11.3,25.6,42,4.0,0.0,0.0,1,0.6095236643991275,45.2,4.123105625617661
